{
  "metadata": {
    "timestamp": "2025-11-17T15:26:16.689384",
    "algorithm": "efr",
    "game": "Deal or No Deal"
  },
  "game_parameters": {
    "max_turns": 2,
    "max_num_instances": 3,
    "discount": 1.0,
    "prob_end": 0.25
  },
  "timing": {
    "total_iterations": 1000,
    "wall_clock_seconds": 456.60434007644653,
    "seconds_per_iteration": 0.4566043400764465,
    "iterations_per_second": 2.1900799274763267
  },
  "final_metrics": {
    "policy_delta": 0.3073181485764303,
    "ev_player0": 9.433333333333334,
    "ev_player1": 3.3333333333333335,
    "social_welfare": 12.766666666666667,
    "cumulative_regret": 0.011728167507242314,
    "total_variance": 0.22370615647416692
  },
  "convergence_assessment": {
    "strategy_convergence": "MODERATE",
    "policy_stability": "STABLE"
  },
  "iteration_history": {
    "iterations": [
      0,
      10,
      20,
      30,
      40,
      50,
      60,
      70,
      80,
      90,
      100,
      110,
      120,
      130,
      140,
      150,
      160,
      170,
      180,
      190,
      200,
      210,
      220,
      230,
      240,
      250,
      260,
      270,
      280,
      290,
      300,
      310,
      320,
      330,
      340,
      350,
      360,
      370,
      380,
      390,
      400,
      410,
      420,
      430,
      440,
      450,
      460,
      470,
      480,
      490,
      500,
      510,
      520,
      530,
      540,
      550,
      560,
      570,
      580,
      590,
      600,
      610,
      620,
      630,
      640,
      650,
      660,
      670,
      680,
      690,
      700,
      710,
      720,
      730,
      740,
      750,
      760,
      770,
      780,
      790,
      800,
      810,
      820,
      830,
      840,
      850,
      860,
      870,
      880,
      890,
      900,
      910,
      920,
      930,
      940,
      950,
      960,
      970,
      980,
      990,
      999
    ],
    "policy_delta": [
      0.0,
      8.282243389055623,
      0.9000000000000004,
      0.4123105625617663,
      0.6565905201197416,
      0.24037008503093313,
      0.14907119849998665,
      0.21081851067789203,
      0.9339283817414602,
      0.7333333333333334,
      0.5426273532033234,
      0.7401201103724839,
      0.2687419249432858,
      0.643773597194266,
      0.06666666666666643,
      0.8137703743822476,
      0.7031674369909673,
      0.12018504251546588,
      0.802772971919486,
      0.42163702135578257,
      0.3399346342395191,
      0.5497474167490216,
      0.3480102169636846,
      0.14907119849998565,
      0.3000000000000007,
      0.33993463423951953,
      0.1374368541872553,
      0.34801021696368556,
      0.5426273532033237,
      0.28284271247461834,
      0.643773597194266,
      0.6146362971528595,
      0.14907119849998723,
      0.2687419249432858,
      0.3543381937578222,
      0.3144660377352207,
      0.094280904158206,
      0.4268749491621903,
      0.37267799624996445,
      0.2403700850309335,
      0.4533823502911817,
      0.6708203932499365,
      0.6960204339273702,
      0.2748737083745106,
      0.09999999999999964,
      0.31446603773521975,
      0.2687419249432849,
      0.2108185106778926,
      0.6036923425424947,
      0.1374368541872553,
      0.5934831271588289,
      0.4955356249106173,
      0.07453559924999313,
      0.14907119849998585,
      0.24037008503093313,
      0.3399346342395195,
      0.24037008503093202,
      0.2981423969999717,
      0.47140452079103173,
      0.4666666666666668,
      0.06666666666666687,
      0.16666666666666644,
      0.14907119849998585,
      0.6146362971528592,
      0.7520342781785652,
      0.37267799624996445,
      0.2027587510099404,
      0.5343739847293798,
      0.2666666666666666,
      0.14907119849998704,
      0.2403700850309335,
      0.2828427124746199,
      0.1885618083164123,
      0.5426273532033237,
      0.4533823502911818,
      0.4533823502911817,
      0.21081851067789162,
      0.1374368541872553,
      0.14907119849998665,
      0.4772607021092118,
      0.35433819375782255,
      0.1333333333333333,
      0.3333333333333335,
      0.4068851871911241,
      0.14907119849998723,
      0.2687419249432849,
      0.22360679774997858,
      0.6960204339273697,
      0.8432740427115674,
      0.21081851067789162,
      0.07453559924999273,
      0.09428090415820632,
      0.24267032964268478,
      0.24037008503093216,
      0.033333333333333215,
      0.5497474167490216,
      0.2687419249432849,
      0.5343739847293798,
      0.26874192494328425,
      0.40000000000000036,
      0.3073181485764303
    ],
    "ev_player0": [
      0.26666666666666666,
      7.933333333333334,
      8.833333333333334,
      8.733333333333333,
      9.333333333333334,
      9.2,
      9.266666666666667,
      9.333333333333334,
      9.3,
      9.3,
      9.4,
      9.3,
      9.066666666666666,
      9.3,
      9.3,
      8.633333333333333,
      9.333333333333334,
      9.433333333333334,
      8.833333333333334,
      9.233333333333333,
      9.166666666666666,
      9.3,
      9.4,
      9.266666666666667,
      8.966666666666667,
      9.3,
      9.266666666666667,
      9.166666666666666,
      9.266666666666667,
      9.466666666666667,
      9.233333333333333,
      9.366666666666667,
      9.233333333333333,
      9.466666666666667,
      9.233333333333333,
      9.4,
      9.333333333333334,
      9.0,
      9.166666666666666,
      9.366666666666667,
      8.933333333333334,
      9.233333333333333,
      9.433333333333334,
      9.366666666666667,
      9.466666666666667,
      9.3,
      9.266666666666667,
      9.2,
      9.266666666666667,
      9.3,
      8.933333333333334,
      9.3,
      9.266666666666667,
      9.333333333333334,
      9.2,
      9.266666666666667,
      9.466666666666667,
      9.333333333333334,
      9.266666666666667,
      9.266666666666667,
      9.266666666666667,
      9.366666666666667,
      9.433333333333334,
      9.3,
      9.466666666666667,
      9.3,
      9.333333333333334,
      9.3,
      9.3,
      9.166666666666666,
      9.3,
      9.1,
      9.233333333333333,
      9.333333333333334,
      8.966666666666667,
      9.4,
      9.333333333333334,
      9.3,
      9.233333333333333,
      9.133333333333333,
      9.366666666666667,
      9.366666666666667,
      9.366666666666667,
      9.133333333333333,
      9.266666666666667,
      9.3,
      9.4,
      9.6,
      9.333333333333334,
      9.4,
      9.366666666666667,
      9.3,
      9.066666666666666,
      9.2,
      9.233333333333333,
      9.366666666666667,
      9.333333333333334,
      9.3,
      9.533333333333333,
      9.133333333333333,
      9.433333333333334
    ],