{
  "game_metadata": {
    "timestamp": "2025-11-18T01:34:10.246731",
    "game": "Deal or No Deal"
  },
  "algo_metadata": {
    "algo_name": "efr_tips",
    "algo_longname": "EFR (tips)"
  },
  "game_parameters": {
    "max_turns": 2,
    "max_num_instances": 3,
    "discount": 1.0,
    "prob_end": 0.25
  },
  "timing": {
    "total_iterations": 1000,
    "wall_clock_seconds": 470.54963541030884,
    "seconds_per_iteration": 0.47054963541030886,
    "iterations_per_second": 2.1251743168986246
  },
  "final_metrics": {
    "policy_delta": 0.5587684871413406,
    "ev_player0": 9.166666666666666,
    "ev_player1": 3.0,
    "social_welfare": 12.166666666666666,
    "cumulative_regret": 0.006688777601716375,
    "total_variance": 0.25263060428661904
  },
  "convergence_assessment": {
    "strategy_convergence": "WEAK",
    "policy_stability": "STABLE"
  },
  "iteration_history": {
    "iterations": [
      0,
      10,
      20,
      30,
      40,
      50,
      60,
      70,
      80,
      90,
      100,
      110,
      120,
      130,
      140,
      150,
      160,
      170,
      180,
      190,
      200,
      210,
      220,
      230,
      240,
      250,
      260,
      270,
      280,
      290,
      300,
      310,
      320,
      330,
      340,
      350,
      360,
      370,
      380,
      390,
      400,
      410,
      420,
      430,
      440,
      450,
      460,
      470,
      480,
      490,
      500,
      510,
      520,
      530,
      540,
      550,
      560,
      570,
      580,
      590,
      600,
      610,
      620,
      630,
      640,
      650,
      660,
      670,
      680,
      690,
      700,
      710,
      720,
      730,
      740,
      750,
      760,
      770,
      780,
      790,
      800,
      810,
      820,
      830,
      840,
      850,
      860,
      870,
      880,
      890,
      900,
      910,
      920,
      930,
      940,
      950,
      960,
      970,
      980,
      990,
      999
    ],
    "policy_delta": [
      0.0,
      7.787454298064576,
      1.3743685418725533,
      0.4472135954999583,
      0.463081466314993,
      1.085254706406647,
      0.48534065928536785,
      0.2027587510099408,
      0.4055175020198812,
      0.9428090415820631,
      0.626276474268531,
      0.033333333333333215,
      0.6565905201197407,
      0.686375342732467,
      0.5385164807134504,
      0.4533823502911817,
      0.38873012632302034,
      0.30731814857643014,
      0.5426273532033238,
      0.5343739847293804,
      0.27487370837450975,
      0.4533823502911817,
      0.14907119849998585,
      0.5374838498865698,
      0.1374368541872553,
      0.06666666666666687,
      0.7490735018081424,
      0.6699917080747272,
      0.22360679774997896,
      0.2828427124746199,
      0.22360679774997938,
      0.4772607021092114,
      0.8137703743822469,
      0.8825468196582483,
      0.5385164807134505,
      0.46666666666666634,
      0.5343739847293798,
      0.4013864859597431,
      0.07453559924999273,
      0.21343747458109447,
      0.21343747458109447,
      0.07453559924999313,
      0.1885618083164123,
      0.4268749491621906,
      0.3333333333333327,
      0.6599663291074445,
      0.1333333333333333,
      0.2981423969999717,
      0.14907119849998665,
      0.3590109871423009,
      0.4472135954999583,
      0.5734883511361752,
      0.1795054935711495,
      0.4123105625617663,
      0.1374368541872553,
      0.3282952600598708,
      0.12018504251546588,
      0.16666666666666644,
      0.6262764742685325,
      0.786694914747064,
      0.2027587510099408,
      0.12018504251546613,
      0.22360679774997858,
      0.3480102169636851,
      0.12018504251546736,
      0.3333333333333335,
      0.2027587510099408,
      0.21081851067789287,
      0.17950549357115114,
      0.2687419249432849,
      0.2748737083745106,
      0.14907119849998585,
      0.5426273532033234,
      0.495535624910617,
      0.1885618083164136,
      0.2027587510099408,
      0.2027587510099408,
      0.16666666666666644,
      0.471404520791032,
      0.07453559924999313,
      0.53748384988657,
      0.2981423969999725,
      0.14907119849998723,
      0.28480012484391753,
      0.06666666666666643,
      0.06666666666666643,
      0.033333333333333215,
      0.24037008503093202,
      0.09999999999999964,
      0.2687419249432858,
      0.2748737083745106,
      0.2403700850309335,
      0.21081851067789203,
      0.06666666666666643,
      0.1374368541872553,
      0.07453559924999313,
      0.07453559924999313,
      0.1333333333333333,
      0.5333333333333337,
      0.6000000000000001,
      0.5587684871413406
    ],
    "ev_player0": [
      0.26666666666666666,
      7.533333333333333,
      8.6,
      8.8,
      9.033333333333333,
      8.833333333333334,
      8.966666666666667,
      9.0,
      8.933333333333334,
      8.8,
      9.366666666666667,
      9.333333333333334,
      9.066666666666666,
      9.4,
      8.9,
      9.333333333333334,
      9.133333333333333,
      9.366666666666667,
      9.266666666666667,
      9.233333333333333,
      8.966666666666667,
      9.4,
      9.333333333333334,
      9.266666666666667,
      9.3,
      9.3,
      8.666666666666666,
      9.333333333333334,
      9.433333333333334,
      9.233333333333333,
      9.333333333333334,
      9.433333333333334,
      8.966666666666667,
      8.8,
      9.3,
      9.3,
      9.333333333333334,
      9.3,
      9.333333333333334,
      9.5,
      9.333333333333334,
      9.366666666666667,
      9.5,
      9.233333333333333,
      8.966666666666667,
      9.433333333333334,
      9.433333333333334,
      9.3,
      9.233333333333333,
      9.366666666666667,
      9.166666666666666,
      9.5,
      9.333333333333334,
      9.233333333333333,
      9.2,
      9.5,
      9.4,
      9.3,
      8.733333333333333,
      9.366666666666667,
      9.333333333333334,
      9.433333333333334,
      9.333333333333334,
      9.233333333333333,
      9.333333333333334,
      9.333333333333334,
      9.366666666666667,
      9.166666666666666,
      9.333333333333334,
      9.3,
      9.366666666666667,
      9.3,
      9.4,
      9.233333333333333,
      9.366666666666667,
      9.333333333333334,
      9.366666666666667,
      9.266666666666667,
      9.2,
      9.233333333333333,
      9.3,
      9.166666666666666,
      9.3,
      9.4,
      9.4,
      9.466666666666667,
      9.5,
      9.3,
      9.4,
      9.166666666666666,
      9.233333333333333,
      9.366666666666667,
      9.433333333333334,
      9.366666666666667,
      9.333333333333334,
      9.366666666666667,
      9.333333333333334,
      9.333333333333334,
      9.333333333333334,
      9.333333333333334,
      9.166666666666666
    ],