{
  "game_metadata": {
    "timestamp": "2025-11-18T02:54:29.367498",
    "game": "Deal or No Deal"
  },
  "algo_metadata": {
    "algo_name": "mccfr",
    "algo_longname": "MCCFR"
  },
  "game_parameters": {
    "max_turns": 2,
    "max_num_instances": 3,
    "discount": 1.0,
    "prob_end": 0.25
  },
  "timing": {
    "total_iterations": 1000,
    "wall_clock_seconds": 0.5696048736572266,
    "seconds_per_iteration": 0.0005696048736572266,
    "iterations_per_second": 1755.6029560972015
  },
  "final_metrics": {
    "policy_delta": 0.9219544457292882,
    "ev_player0": 7.566666666666666,
    "ev_player1": 2.3333333333333335,
    "social_welfare": 9.9,
    "cumulative_regret": 1.4884853602199146,
    "total_variance": 0.5411920998027306
  },
  "convergence_assessment": {
    "strategy_convergence": "WEAK",
    "policy_stability": "MODERATE"
  },
  "iteration_history": {
    "iterations": [
      0,
      10,
      20,
      30,
      40,
      50,
      60,
      70,
      80,
      90,
      100,
      110,
      120,
      130,
      140,
      150,
      160,
      170,
      180,
      190,
      200,
      210,
      220,
      230,
      240,
      250,
      260,
      270,
      280,
      290,
      300,
      310,
      320,
      330,
      340,
      350,
      360,
      370,
      380,
      390,
      400,
      410,
      420,
      430,
      440,
      450,
      460,
      470,
      480,
      490,
      500,
      510,
      520,
      530,
      540,
      550,
      560,
      570,
      580,
      590,
      600,
      610,
      620,
      630,
      640,
      650,
      660,
      670,
      680,
      690,
      700,
      710,
      720,
      730,
      740,
      750,
      760,
      770,
      780,
      790,
      800,
      810,
      820,
      830,
      840,
      850,
      860,
      870,
      880,
      890,
      900,
      910,
      920,
      930,
      940,
      950,
      960,
      970,
      980,
      990,
      999
    ],
    "policy_delta": [
      0.0,
      0.6262764742685312,
      0.0,
      0.41766546953805556,
      0.2403700850309326,
      0.6574360974438673,
      0.3333333333333333,
      1.0540925533894598,
      1.0349449797506682,
      0.6798692684790381,
      0.3282952600598702,
      0.30731814857642964,
      0.14907119849998596,
      0.2666666666666666,
      0.8768630958643937,
      0.16666666666666674,
      0.2426703296426842,
      0.46666666666666634,
      0.9545214042184236,
      0.48074017006186515,
      1.0225241100118647,
      1.1080513425729777,
      1.3068197189275108,
      1.2292725943057186,
      1.1813363431112895,
      0.32829526005987,
      1.718203195847983,
      2.829998036905484,
      2.198989666996086,
      0.5696002496878353,
      0.09999999999999964,
      0.603692342542494,
      0.18856180831641264,
      0.8666666666666669,
      0.5897268670984712,
      0.3073181485764294,
      0.35433819375782166,
      0.401386485959743,
      0.970681318570736,
      2.2410315085295482,
      2.1666666666666665,
      0.6641619615057096,
      0.9386751893552485,
      0.666666666666667,
      0.991071249821234,
      0.6871842709362764,
      1.3812232903400448,
      2.4267032964268402,
      1.6220700080795258,
      0.07453559924999292,
      0.7363574011458175,
      0.5,
      0.7125852775477318,
      1.2944325225965065,
      1.1411495179082456,
      0.38873012632301973,
      1.701306687356646,
      0.833333333333333,
      1.1948965552623285,
      1.0434983894999021,
      0.7180219742846008,
      1.8820792284657473,
      3.1135902820449,
      1.002773930432754,
      2.4140790744666547,
      1.6169243780846543,
      1.0540925533894603,
      1.4609738000540748,
      0.7211102550927984,
      3.6270588023294525,
      1.7182031958479833,
      0.4013864859597432,
      1.4441452681622984,
      0.2666666666666666,
      0.603692342542494,
      1.5846485765339617,
      0.12018504251546613,
      1.8657735958875372,
      1.6155494421403513,
      1.150845100108804,
      0.7695597587076797,
      0.06666666666666665,
      1.0349449797506682,
      1.3498971154211057,
      0.6666666666666665,
      1.002219758558194,
      0.43333333333333357,
      0.4013864859597432,
      0.4013864859597433,
      0.6565905201197401,
      0.7180219742846,
      0.4472135954999583,
      0.24037008503093277,
      0.45338235029118085,
      0.31446603773522025,
      0.2748737083745106,
      0.13333333333333286,
      1.1318617897566428,
      0.20000000000000018,
      1.0418999738725188,
      0.9219544457292882
    ],
    "ev_player0": [
      0.5666666666666667,
      0.0,
      0.0,
      0.36666666666666664,
      0.5666666666666667,
      0.0,
      0.3333333333333333,
      1.3333333333333333,
      0.3333333333333333,
      1.0,
      0.7,
      0.9333333333333333,
      0.8,
      1.0666666666666667,
      1.9333333333333333,
      1.8333333333333333,
      2.066666666666667,
      2.533333333333333,
      3.4,
      3.0,
      2.033333333333333,
      3.066666666666667,
      1.7666666666666666,
      2.966666666666667,
      4.1,
      3.8,
      2.1666666666666665,
      4.9,
      2.7666666666666666,
      3.3,
      3.2,
      3.8,
      3.933333333333333,
      4.733333333333333,
      4.3,
      4.0,
      4.233333333333333,
      4.533333333333333,
      5.466666666666667,
      3.4,
      5.5,
      4.866666666666666,
      5.766666666666667,
      5.1,
      6.033333333333333,
      5.4,
      4.1,
      6.433333333333334,
      4.833333333333333,
      4.8,
      5.533333333333333,
      5.033333333333333,
      5.733333333333333,
      4.466666666666667,
      5.6,
      5.266666666666667,
      6.966666666666667,
      6.133333333333334,
      5.033333333333333,
      5.966666666666667,
      5.3,
      7.033333333333333,
      4.133333333333334,
      5.1,
      7.4,
      5.833333333333333,
      6.7,
      5.4,
      4.8,
      8.266666666666667,
      6.633333333333334,
      6.933333333333334,
      5.566666666666666,
      5.833333333333333,
      5.233333333333333,
      6.766666666666667,
      6.866666666666666,
      5.1,
      6.6,
      5.466666666666667,
      6.233333333333333,
      6.233333333333333,
      7.233333333333333,
      5.966666666666667,
      6.5,
      7.5,
      7.066666666666666,
      6.766666666666667,
      6.8,
      6.2,
      6.866666666666666,
      7.266666666666667,
      7.066666666666666,
      6.633333333333334,
      6.466666666666667,
      6.533333333333333,
      6.4,
      7.5,
      7.7,
      6.666666666666667,
      7.566666666666666
    ],