{
  "metadata": {
    "timestamp": "2025-11-16T23:49:05.887369",
    "algorithm": "CFR",
    "game": "Deal or No Deal"
  },
  "game_parameters": {
    "max_turns": 3,
    "max_num_instances": 5,
    "discount": 1.0,
    "prob_end": 0.1
  },
  "timing": {
    "total_iterations": 1000,
    "wall_clock_seconds": 535.630927324295,
    "seconds_per_iteration": 0.5356309273242951,
    "iterations_per_second": 1.8669571695484921
  },
  "final_metrics": {
    "policy_delta": 0.19436506316150973,
    "ev_player0": 2.066666666666667,
    "ev_player1": 9.866666666666667,
    "social_welfare": 11.933333333333334,
    "cumulative_regret": 0.1023599265078341,
    "total_variance": 0.4016632088371216
  },
  "convergence_assessment": {
    "strategy_convergence": "MODERATE",
    "policy_stability": "STABLE"
  },
  "iteration_history": {
    "iterations": [
      0,
      10,
      20,
      30,
      40,
      50,
      60,
      70,
      80,
      90,
      100,
      110,
      120,
      130,
      140,
      150,
      160,
      170,
      180,
      190,
      200,
      210,
      220,
      230,
      240,
      250,
      260,
      270,
      280,
      290,
      300,
      310,
      320,
      330,
      340,
      350,
      360,
      370,
      380,
      390,
      400,
      410,
      420,
      430,
      440,
      450,
      460,
      470,
      480,
      490,
      500,
      510,
      520,
      530,
      540,
      550,
      560,
      570,
      580,
      590,
      600,
      610,
      620,
      630,
      640,
      650,
      660,
      670,
      680,
      690,
      700,
      710,
      720,
      730,
      740,
      750,
      760,
      770,
      780,
      790,
      800,
      810,
      820,
      830,
      840,
      850,
      860,
      870,
      880,
      890,
      900,
      910,
      920,
      930,
      940,
      950,
      960,
      970,
      980,
      990,
      999
    ],
    "policy_delta": [
      0.0,
      7.085039010321522,
      1.6031219541881396,
      1.2041594578792298,
      0.1795054935711499,
      0.21081851067789203,
      1.1685698761972063,
      0.49553562491061703,
      0.4055175020198817,
      0.3431876713662339,
      0.3605551275463981,
      0.8198915917499238,
      0.5676462121975469,
      0.968962790249909,
      0.10540925533894574,
      1.424000624219589,
      0.5217491947499514,
      0.4268749491621903,
      0.36666666666666714,
      0.551764845241562,
      0.6960204339273702,
      0.43843154793219663,
      0.5206833117271107,
      0.10000000000000009,
      0.42687494916219015,
      0.1885618083164123,
      0.3771236166328259,
      0.44845413490245767,
      0.7601169500660919,
      0.7063206700139026,
      0.2981423969999717,
      0.12018504251546588,
      0.6128258770283411,
      0.4242640687119277,
      0.2666666666666666,
      1.0630145812734642,
      0.8544003745317522,
      0.6574360974438674,
      0.46785562825394006,
      0.4346134936801764,
      0.23570226039551656,
      0.1666666666666675,
      0.44845413490245767,
      0.3681787005729087,
      0.46666666666666634,
      0.9024657580453925,
      1.2041594578792307,
      0.2333333333333334,
      0.6368324391514266,
      0.6009252125773314,
      0.7180219742846011,
      0.4055175020198816,
      0.1414213562373093,
      0.9428090415820631,
      0.2981423969999727,
      0.6200358412579428,
      0.1374368541872553,
      0.6565905201197407,
      0.49553562491061715,
      0.9758187445536296,
      1.174260996920569,
      1.353596033616463,
      0.8894442709417558,
      0.7490735018081408,
      0.6871842709362761,
      0.34801021696368567,
      0.752034278178565,
      0.3605551275463994,
      0.4333333333333331,
      0.5830951894845304,
      0.13333333333333375,
      0.047140452079103,
      0.2666666666666675,
      0.2687419249432858,
      0.4123105625617663,
      0.4533823502911818,
      0.7520342781785655,
      0.7781745019952503,
      0.30731814857642936,
      0.16666666666666652,
      0.7803133273813083,
      0.7753135566408672,
      0.9944289260117535,
      0.7401201103724839,
      0.7125852775477315,
      0.4807401700618658,
      0.9545214042184236,
      0.5099019513592787,
      0.1333333333333333,
      0.5497474167490214,
      0.6699917080747254,
      0.36817870057290736,
      0.47375568011839697,
      0.0,
      0.047140452079103,
      0.3726779962499654,
      0.3901566636906546,
      0.7490735018081406,
      0.657436097443867,
      0.7071067811865472,
      0.19436506316150973
    ],
    "ev_player0": [
      1.4333333333333333,
      3.533333333333333,
      1.9333333333333333,
      2.7333333333333334,
      2.566666666666667,
      2.3666666666666667,
      2.433333333333333,
      2.6,
      2.533333333333333,
      2.3666666666666667,
      2.1666666666666665,
      2.533333333333333,
      2.1,
      2.1666666666666665,
      2.2,
      2.7,
      2.2333333333333334,
      2.5,
      2.5,
      3.0,
      2.3333333333333335,
      2.7666666666666666,
      2.433333333333333,
      2.533333333333333,
      2.2,
      2.3333333333333335,
      2.6,
      2.3,
      3.033333333333333,
      2.3666666666666667,
      2.6333333333333333,
      2.566666666666667,
      2.0,
      2.3,
      2.033333333333333,
      2.7333333333333334,
      2.433333333333333,
      1.8666666666666667,
      2.3333333333333335,
      2.7666666666666666,
      2.6,
      2.7333333333333334,
      2.433333333333333,
      2.8,
      2.3333333333333335,
      2.4,
      2.5,
      2.7333333333333334,
      3.1666666666666665,
      2.8333333333333335,
      2.1666666666666665,
      2.1,
      2.2,
      3.1333333333333333,
      3.0,
      2.5,
      2.6333333333333333,
      2.033333333333333,
      1.7,
      2.6666666666666665,
      2.0,
      3.066666666666667,
      2.2,
      1.8,
      1.9666666666666666,
      2.066666666666667,
      2.8,
      2.5,
      2.066666666666667,
      2.566666666666667,
      2.433333333333333,
      2.4,
      2.4,
      2.433333333333333,
      2.3333333333333335,
      2.6,
      3.3333333333333335,
      2.566666666666667,
      2.8666666666666667,
      2.7,
      3.433333333333333,
      2.7333333333333334,
      1.7666666666666666,
      2.5,
      1.8,
      2.2,
      3.1333333333333333,
      2.6333333333333333,
      2.5,
      1.9666666666666666,
      2.033333333333333,
      2.0,
      2.3666666666666667,
      2.3666666666666667,
      2.4,
      2.3333333333333335,
      2.2,
      2.6,
      2.933333333333333,
      2.2333333333333334,
      2.066666666666667
    ],