{
  "game_metadata": {
    "timestamp": "2025-12-02T01:58:33.798176",
    "game": "Deal or No Deal"
  },
  "algo_metadata": {
    "algo_name": "mcefr_csps",
    "algo_longname": "MCEFR (csps)"
  },
  "game_parameters": {
    "max_turns": 2,
    "max_num_instances": 3,
    "discount": 1.0,
    "prob_end": 0.0
  },
  "timing": {
    "total_iterations": 10000,
    "wall_clock_seconds": 704.7434320449829,
    "seconds_per_iteration": 0.07047434320449829,
    "iterations_per_second": 14.18956111585544
  },
  "final_metrics": {
    "policy_delta": 0.17950549357115012,
    "ev_player0": 0.6666666666666666,
    "ev_player1": 0.3333333333333333,
    "social_welfare": 1.0,
    "cumulative_regret": 0.1792866151639165,
    "total_variance": 0.2851899951494325
  },
  "convergence_assessment": {
    "strategy_convergence": "MODERATE",
    "policy_stability": "STABLE"
  },
  "iteration_history": {
    "iterations": [
      0,
      100,
      200,
      300,
      400,
      500,
      600,
      700,
      800,
      900,
      1000,
      1100,
      1200,
      1300,
      1400,
      1500,
      1600,
      1700,
      1800,
      1900,
      2000,
      2100,
      2200,
      2300,
      2400,
      2500,
      2600,
      2700,
      2800,
      2900,
      3000,
      3100,
      3200,
      3300,
      3400,
      3500,
      3600,
      3700,
      3800,
      3900,
      4000,
      4100,
      4200,
      4300,
      4400,
      4500,
      4600,
      4700,
      4800,
      4900,
      5000,
      5100,
      5200,
      5300,
      5400,
      5500,
      5600,
      5700,
      5800,
      5900,
      6000,
      6100,
      6200,
      6300,
      6400,
      6500,
      6600,
      6700,
      6800,
      6900,
      7000,
      7100,
      7200,
      7300,
      7400,
      7500,
      7600,
      7700,
      7800,
      7900,
      8000,
      8100,
      8200,
      8300,
      8400,
      8500,
      8600,
      8700,
      8800,
      8900,
      9000,
      9100,
      9200,
      9300,
      9400,
      9500,
      9600,
      9700,
      9800,
      9900,
      9999
    ],
    "policy_delta": [
      0.0,
      0.4955356249106169,
      0.2403700850309326,
      0.339934634239519,
      0.30731814857642964,
      0.16666666666666669,
      0.149071198499986,
      0.4630814663149935,
      0.5174724898753341,
      1.1794537341969422,
      0.3333333333333333,
      1.6736520280844256,
      1.0540925533894598,
      0.33993463423951903,
      0.21081851067789192,
      0.9433981132056604,
      1.2018504251546631,
      0.339934634239519,
      0.29814239699997197,
      0.827982823224948,
      0.7280109889280517,
      0.39015666369065416,
      0.348010216963685,
      0.16666666666666669,
      0.268741924943285,
      0.45338235029118146,
      0.6565905201197404,
      0.9410396142328736,
      0.14907119849998599,
      0.7601169500660919,
      0.9067647005823629,
      0.0,
      0.4807401700618653,
      0.09428090415820635,
      0.12018504251546637,
      0.5897268670984711,
      0.29814239699997197,
      0.21343747458109497,
      0.033333333333333326,
      0.38873012632302,
      1.002219758558194,
      1.1338234234463298,
      0.5,
      0.5962847939999439,
      0.4013864859597432,
      0.4714045207910316,
      0.47726070210921173,
      0.6565905201197403,
      0.24037008503093266,
      0.0,
      0.49553562491061687,
      0.2748737083745107,
      0.14907119849998596,
      0.16666666666666666,
      0.3333333333333333,
      0.2848001248439177,
      0.5088112507491249,
      0.2748737083745107,
      0.448454134902457,
      0.334995854037363,
      0.21343747458109497,
      1.327068615826292,
      1.521694961401777,
      0.9475113602367929,
      0.9475113602367929,
      1.0734161458736413,
      1.0734161458736413,
      0.0,
      0.447213595499958,
      0.2134374745810949,
      0.3333333333333333,
      0.9597453365925314,
      0.835995746932297,
      0.33333333333333337,
      0.06666666666666671,
      0.2981423969999719,
      0.2,
      0.4807401700618653,
      0.24267032964268395,
      0.2748737083745107,
      0.24267032964268395,
      0.14907119849998596,
      0.3,
      0.17950549357115017,
      0.8137703743822469,
      0.8666666666666668,
      0.5374838498865699,
      0.074535599249993,
      0.21081851067789198,
      0.4333333333333334,
      0.3,
      0.0,
      0.7156970184527962,
      0.5962847939999439,
      0.4472135954999579,
      0.348010216963685,
      0.06666666666666665,
      0.2748737083745107,
      0.348010216963685,
      0.42163702135578396,
      0.17950549357115012
    ],
    "ev_player0": [
      0.43333333333333335,
      0.6,
      0.4666666666666667,
      0.4,
      0.1,
      0.2,
      0.06666666666666667,
      0.3,
      0.8,
      0.0,
      0.3333333333333333,
      1.5,
      0.6333333333333333,
      0.9666666666666667,
      0.7666666666666667,
      0.26666666666666666,
      0.3333333333333333,
      0.0,
      0.26666666666666666,
      0.9,
      0.2,
      0.5666666666666667,
      0.4666666666666667,
      0.5666666666666667,
      0.5333333333333333,
      0.1,
      0.36666666666666664,
      0.0,
      0.13333333333333333,
      0.7333333333333333,
      0.0,
      0.0,
      0.26666666666666666,
      0.3333333333333333,
      0.43333333333333335,
      0.0,
      0.13333333333333333,
      0.3,
      0.26666666666666666,
      0.6,
      0.5333333333333333,
      0.5,
      0.0,
      0.5333333333333333,
      0.23333333333333334,
      0.3,
      0.7333333333333333,
      0.13333333333333333,
      0.0,
      0.0,
      0.16666666666666666,
      0.23333333333333334,
      0.1,
      0.26666666666666666,
      0.6,
      0.7,
      0.26666666666666666,
      0.3333333333333333,
      0.03333333333333333,
      0.0,
      0.16666666666666666,
      0.7333333333333333,
      0.0,
      0.6,
      0.0,
      0.9666666666666667,
      0.0,
      0.0,
      0.2,
      0.36666666666666664,
      0.03333333333333333,
      0.9333333333333333,
      0.1,
      0.3,
      0.3,
      0.03333333333333333,
      0.03333333333333333,
      0.3,
      0.06666666666666667,
      0.0,
      0.23333333333333334,
      0.36666666666666664,
      0.06666666666666667,
      0.23333333333333334,
      0.9,
      0.5666666666666667,
      0.03333333333333333,
      0.06666666666666667,
      0.13333333333333333,
      0.3,
      0.0,
      0.0,
      0.6333333333333333,
      0.1,
      0.3,
      0.2,
      0.26666666666666666,
      0.0,
      0.1,
      0.5,
      0.6666666666666666
    ],