{
  "game_metadata": {
    "timestamp": "2025-11-21T14:16:08.788804",
    "game": "Deal or No Deal"
  },
  "algo_metadata": {
    "algo_name": "mccfr",
    "algo_longname": "MCCFR"
  },
  "game_parameters": {
    "max_turns": 2,
    "max_num_instances": 3,
    "discount": 1.0,
    "prob_end": 0.0
  },
  "timing": {
    "total_iterations": 10000,
    "wall_clock_seconds": 4.157488822937012,
    "seconds_per_iteration": 0.00041574888229370117,
    "iterations_per_second": 2405.298108038114
  },
  "final_metrics": {
    "policy_delta": 0.7086763875156433,
    "ev_player0": 5.766666666666667,
    "ev_player1": 4.666666666666667,
    "social_welfare": 10.433333333333334,
    "cumulative_regret": 0.1655341719278912,
    "total_variance": 0.9423375191511797
  },
  "convergence_assessment": {
    "strategy_convergence": "WEAK",
    "policy_stability": "MODERATE"
  },
  "iteration_history": {
    "iterations": [
      0,
      100,
      200,
      300,
      400,
      500,
      600,
      700,
      800,
      900,
      1000,
      1100,
      1200,
      1300,
      1400,
      1500,
      1600,
      1700,
      1800,
      1900,
      2000,
      2100,
      2200,
      2300,
      2400,
      2500,
      2600,
      2700,
      2800,
      2900,
      3000,
      3100,
      3200,
      3300,
      3400,
      3500,
      3600,
      3700,
      3800,
      3900,
      4000,
      4100,
      4200,
      4300,
      4400,
      4500,
      4600,
      4700,
      4800,
      4900,
      5000,
      5100,
      5200,
      5300,
      5400,
      5500,
      5600,
      5700,
      5800,
      5900,
      6000,
      6100,
      6200,
      6300,
      6400,
      6500,
      6600,
      6700,
      6800,
      6900,
      7000,
      7100,
      7200,
      7300,
      7400,
      7500,
      7600,
      7700,
      7800,
      7900,
      8000,
      8100,
      8200,
      8300,
      8400,
      8500,
      8600,
      8700,
      8800,
      8900,
      9000,
      9100,
      9200,
      9300,
      9400,
      9500,
      9600,
      9700,
      9800,
      9900,
      9999
    ],
    "policy_delta": [
      0.0,
      1.86785676348292,
      1.240071682515885,
      1.669663971515759,
      0.7453559924999302,
      1.7950549357115013,
      2.8944391128123206,
      1.4700718047466632,
      1.4161763857498668,
      1.6505891204186596,
      0.8969082698049133,
      0.8055363982396377,
      0.8724168218868265,
      0.21081851067789262,
      1.8773503787104966,
      0.8027729719194866,
      1.5804359454839598,
      2.216102685145955,
      0.5696002496878356,
      0.20000000000000018,
      1.9888578520235067,
      1.0666666666666673,
      1.2351338209099265,
      1.953060276705367,
      1.2862520921049825,
      0.14907119849998585,
      1.2133516482134197,
      0.7753135566408674,
      0.3333333333333334,
      1.1080513425729777,
      1.4609738000540753,
      1.2671051872498804,
      1.5793810320642845,
      0.2981423969999717,
      0.6324555320336759,
      1.3119112436102955,
      0.9475113602367935,
      1.387243469778987,
      0.6574360974438674,
      0.6871842709362771,
      1.0749676997731397,
      0.6324555320336764,
      0.7280109889280512,
      1.630609974484668,
      1.703590978557419,
      1.534781924429512,
      0.5343739847293802,
      0.928559218478942,
      2.580482297728254,
      1.6468825769380833,
      0.5934831271588283,
      0.9893881386437217,
      1.973434682082091,
      1.6346933113652298,
      0.8975274678557507,
      1.815060452008264,
      1.7613126418163874,
      0.6324555320336764,
      1.3568754958031746,
      2.7278400083419685,
      1.5733898294941262,
      0.6036923425424949,
      0.3399346342395197,
      0.4055175020198812,
      1.5765644787180626,
      0.7453559924999305,
      0.6798692684790384,
      1.029023269362209,
      1.1180339887498953,
      1.21335164821342,
      1.4757295747452432,
      0.6565905201197407,
      1.0418999738725188,
      2.4641879437701624,
      2.4388066298453794,
      2.8323527714997336,
      1.7065234314893598,
      0.889444270941756,
      0.6324555320336764,
      0.4853406592853673,
      2.4810392087904525,
      1.8693433190413276,
      1.1140516644712273,
      0.5962847939999438,
      0.30731814857642936,
      1.424000624219589,
      0.4055175020198816,
      1.686877457183999,
      0.4472135954999583,
      0.30731814857642953,
      1.468181036369682,
      1.7207879332187075,
      0.5374838498865698,
      0.7781745019952498,
      1.2206555615733707,
      0.7453559924999305,
      1.9416487838947594,
      1.3370780746754383,
      1.534781924429512,
      1.4251705550954636,
      0.7086763875156433
    ],
    "ev_player0": [
      0.36666666666666664,
      0.3,
      1.0333333333333334,
      0.9333333333333333,
      0.6,
      1.5333333333333334,
      1.1333333333333333,
      1.0333333333333334,
      1.6666666666666667,
      2.8,
      2.2,
      2.933333333333333,
      2.3,
      2.3666666666666667,
      4.233333333333333,
      3.433333333333333,
      2.7,
      3.3,
      3.8333333333333335,
      3.8333333333333335,
      3.3666666666666667,
      3.3666666666666667,
      4.6,
      5.5,
      4.4,
      4.466666666666667,
      4.033333333333333,
      4.733333333333333,
      4.933333333333334,
      3.9,
      5.2,
      5.233333333333333,
      3.6666666666666665,
      3.933333333333333,
      3.7333333333333334,
      4.9,
      4.3,
      5.1,
      4.533333333333333,
      5.166666666666667,
      5.3,
      5.1,
      4.4,
      5.633333333333334,
      4.766666666666667,
      4.833333333333333,
      4.866666666666666,
      5.2,
      3.966666666666667,
      4.933333333333334,
      5.3,
      4.466666666666667,
      6.366666666666666,
      4.733333333333333,
      5.5,
      4.2,
      5.733333333333333,
      5.533333333333333,
      6.166666666666667,
      4.466666666666667,
      5.733333333333333,
      5.666666666666667,
      5.6,
      5.533333333333333,
      5.166666666666667,
      4.833333333333333,
      5.5,
      5.933333333333334,
      4.833333333333333,
      6.0,
      5.533333333333333,
      5.266666666666667,
      4.233333333333333,
      5.2,
      4.766666666666667,
      6.033333333333333,
      5.666666666666667,
      4.8,
      4.6,
      4.133333333333334,
      5.4,
      4.7,
      5.4,
      5.133333333333334,
      5.433333333333334,
      4.066666666666666,
      4.466666666666667,
      5.5,
      5.7,
      5.4,
      6.333333333333333,
      5.433333333333334,
      5.5,
      6.066666666666666,
      5.366666666666666,
      5.5,
      4.4,
      4.3,
      5.566666666666666,
      5.3,
      5.766666666666667
    ],