{
  "game_metadata": {
    "timestamp": "2025-11-18T00:15:51.515334",
    "game": "Deal or No Deal"
  },
  "algo_metadata": {
    "algo_name": "efr_csps",
    "algo_longname": "EFR (csps)"
  },
  "game_parameters": {
    "max_turns": 2,
    "max_num_instances": 3,
    "discount": 1.0,
    "prob_end": 0.25
  },
  "timing": {
    "total_iterations": 1000,
    "wall_clock_seconds": 526.9257218837738,
    "seconds_per_iteration": 0.5269257218837738,
    "iterations_per_second": 1.8978006927142839
  },
  "final_metrics": {
    "policy_delta": 0.6146362971528592,
    "ev_player0": 9.4,
    "ev_player1": 3.533333333333333,
    "social_welfare": 12.933333333333334,
    "cumulative_regret": 0.011728167507236003,
    "total_variance": 0.4060651288757618
  },
  "convergence_assessment": {
    "strategy_convergence": "WEAK",
    "policy_stability": "STABLE"
  },
  "iteration_history": {
    "iterations": [
      0,
      10,
      20,
      30,
      40,
      50,
      60,
      70,
      80,
      90,
      100,
      110,
      120,
      130,
      140,
      150,
      160,
      170,
      180,
      190,
      200,
      210,
      220,
      230,
      240,
      250,
      260,
      270,
      280,
      290,
      300,
      310,
      320,
      330,
      340,
      350,
      360,
      370,
      380,
      390,
      400,
      410,
      420,
      430,
      440,
      450,
      460,
      470,
      480,
      490,
      500,
      510,
      520,
      530,
      540,
      550,
      560,
      570,
      580,
      590,
      600,
      610,
      620,
      630,
      640,
      650,
      660,
      670,
      680,
      690,
      700,
      710,
      720,
      730,
      740,
      750,
      760,
      770,
      780,
      790,
      800,
      810,
      820,
      830,
      840,
      850,
      860,
      870,
      880,
      890,
      900,
      910,
      920,
      930,
      940,
      950,
      960,
      970,
      980,
      990,
      999
    ],
    "policy_delta": [
      0.0,
      9.123839347798954,
      0.1333333333333333,
      0.6403124237432848,
      0.8724168218868262,
      0.8692269873603536,
      0.6146362971528595,
      0.4055175020198816,
      1.3437096247164242,
      1.0749676997731397,
      0.2027587510099408,
      0.21343747458109588,
      0.033333333333333215,
      0.1666666666666675,
      0.4666666666666668,
      0.4772607021092122,
      0.3605551275463981,
      0.3333333333333324,
      0.734090518184841,
      0.46785562825393967,
      0.1885618083164123,
      0.3282952600598708,
      0.3901566636906546,
      0.4068851871911227,
      0.3333333333333339,
      0.3543381937578222,
      0.3771236166328259,
      0.6863753427324667,
      0.38873012632302034,
      0.0,
      0.2687419249432849,
      0.033333333333333215,
      0.3399346342395195,
      0.6082762530298222,
      0.1885618083164123,
      0.2403700850309335,
      0.10000000000000142,
      0.07453559924999273,
      0.094280904158206,
      0.43843154793219713,
      0.5374838498865699,
      0.41231056256176585,
      0.16666666666666644,
      0.5587684871413401,
      0.094280904158206,
      0.34801021696368506,
      0.47140452079103173,
      0.2687419249432849,
      0.2687419249432849,
      0.3399346342395191,
      0.21081851067789162,
      0.33993463423951864,
      0.35901098714230045,
      0.42163702135578407,
      0.28480012484391753,
      0.6009252125773317,
      0.48534065928536796,
      0.26034165586355457,
      0.3333333333333339,
      0.1885618083164136,
      0.4666666666666668,
      0.09428090415820632,
      0.40551750201988146,
      0.3726779962499656,
      0.06666666666666643,
      0.3590109871422998,
      0.09999999999999964,
      0.4013864859597431,
      0.12018504251546736,
      0.13743685418725574,
      0.28480012484391753,
      0.33993463423951864,
      0.0666666666666682,
      0.48534065928536796,
      0.31446603773521975,
      0.06666666666666643,
      0.6565905201197407,
      0.7401201103724842,
      0.4013864859597431,
      0.2603416558635549,
      0.4068851871911241,
      0.6960204339273702,
      0.33993463423951864,
      0.33993463423951864,
      0.14907119849998585,
      0.2666666666666666,
      0.14907119849998585,
      0.07453559924999273,
      0.3333333333333339,
      0.2981423969999725,
      0.3073181485764303,
      0.4055175020198812,
      0.2687419249432849,
      0.4484541349024576,
      0.643773597194266,
      0.5497474167490212,
      0.3480102169636846,
      0.8333333333333338,
      0.46666666666666723,
      0.7401201103724839,
      0.6146362971528592
    ],
    "ev_player0": [
      0.36666666666666664,
      8.833333333333334,
      8.833333333333334,
      8.333333333333334,
      8.433333333333334,
      9.3,
      9.166666666666666,
      9.566666666666666,
      8.333333333333334,
      9.4,
      9.366666666666667,
      9.2,
      9.233333333333333,
      9.333333333333334,
      9.333333333333334,
      9.233333333333333,
      8.933333333333334,
      9.2,
      9.233333333333333,
      9.2,
      9.066666666666666,
      9.366666666666667,
      9.0,
      9.233333333333333,
      9.433333333333334,
      9.2,
      9.466666666666667,
      9.133333333333333,
      9.333333333333334,
      9.333333333333334,
      9.3,
      9.266666666666667,
      9.2,
      9.3,
      9.433333333333334,
      9.233333333333333,
      9.333333333333334,
      9.3,
      9.366666666666667,
      8.933333333333334,
      9.466666666666667,
      9.366666666666667,
      9.266666666666667,
      9.433333333333334,
      9.366666666666667,
      9.266666666666667,
      9.333333333333334,
      9.366666666666667,
      9.4,
      9.333333333333334,
      9.4,
      9.333333333333334,
      9.2,
      9.066666666666666,
      9.166666666666666,
      9.133333333333333,
      9.266666666666667,
      9.433333333333334,
      9.233333333333333,
      9.366666666666667,
      9.366666666666667,
      9.3,
      9.233333333333333,
      9.4,
      9.4,
      9.266666666666667,
      9.366666666666667,
      9.333333333333334,
      9.233333333333333,
      9.266666666666667,
      9.366666666666667,
      9.3,
      9.233333333333333,
      9.366666666666667,
      9.533333333333333,
      9.466666666666667,
      9.2,
      9.3,
      9.266666666666667,
      9.433333333333334,
      9.2,
      9.4,
      9.333333333333334,
      9.266666666666667,
      9.333333333333334,
      9.333333333333334,
      9.4,
      9.366666666666667,
      9.166666666666666,
      9.3,
      9.0,
      9.066666666666666,
      9.1,
      9.4,
      9.166666666666666,
      9.033333333333333,
      9.133333333333333,
      9.366666666666667,
      9.366666666666667,
      9.266666666666667,
      9.4
    ],