{
  "metadata": {
    "timestamp": "2025-11-17T16:01:53.129712",
    "algorithm": "cfr",
    "game": "Deal or No Deal"
  },
  "game_parameters": {
    "max_turns": 3,
    "max_num_instances": 3,
    "discount": 1.0,
    "prob_end": 0.25
  },
  "timing": {
    "total_iterations": 1000,
    "wall_clock_seconds": 381.6651282310486,
    "seconds_per_iteration": 0.3816651282310486,
    "iterations_per_second": 2.620097897428633
  },
  "final_metrics": {
    "policy_delta": 0.5656854249492372,
    "ev_player0": 5.4,
    "ev_player1": 8.266666666666667,
    "social_welfare": 13.666666666666668,
    "cumulative_regret": 0.08589453836159036,
    "total_variance": 0.42457822208241747
  },
  "convergence_assessment": {
    "strategy_convergence": "WEAK",
    "policy_stability": "STABLE"
  },
  "iteration_history": {
    "iterations": [
      0,
      10,
      20,
      30,
      40,
      50,
      60,
      70,
      80,
      90,
      100,
      110,
      120,
      130,
      140,
      150,
      160,
      170,
      180,
      190,
      200,
      210,
      220,
      230,
      240,
      250,
      260,
      270,
      280,
      290,
      300,
      310,
      320,
      330,
      340,
      350,
      360,
      370,
      380,
      390,
      400,
      410,
      420,
      430,
      440,
      450,
      460,
      470,
      480,
      490,
      500,
      510,
      520,
      530,
      540,
      550,
      560,
      570,
      580,
      590,
      600,
      610,
      620,
      630,
      640,
      650,
      660,
      670,
      680,
      690,
      700,
      710,
      720,
      730,
      740,
      750,
      760,
      770,
      780,
      790,
      800,
      810,
      820,
      830,
      840,
      850,
      860,
      870,
      880,
      890,
      900,
      910,
      920,
      930,
      940,
      950,
      960,
      970,
      980,
      990,
      999
    ],
    "policy_delta": [
      0.0,
      6.832601586836777,
      2.3067533702394605,
      1.1455226851626386,
      1.211518789692416,
      0.6009252125773312,
      0.48074017006186476,
      0.7031674369909665,
      0.6289320754704405,
      0.7340905181848413,
      0.33993463423951864,
      0.40000000000000036,
      0.2666666666666666,
      0.3887301263230206,
      1.0852547064066471,
      0.14907119849998546,
      1.2525529485370628,
      1.2256517540566831,
      0.7774602526460397,
      0.3590109871422998,
      0.20000000000000018,
      0.14907119849998585,
      0.7086763875156433,
      0.4853406592853675,
      0.9666666666666659,
      1.2965766892517812,
      1.0540925533894594,
      0.5705747589541227,
      0.7333333333333334,
      0.4013864859597424,
      0.2403700850309325,
      0.1795054935711495,
      0.1795054935711495,
      0.6324555320336761,
      0.2666666666666666,
      0.5374838498865696,
      0.2687419249432848,
      1.4881009523699804,
      1.1175369742826806,
      0.9428090415820635,
      0.13333333333333286,
      0.4013864859597431,
      0.5217491947499495,
      0.5962847939999434,
      1.1020183503211032,
      0.4772607021092117,
      0.14907119849998626,
      0.7453559924999289,
      0.14907119849998626,
      0.2981423969999717,
      0.274873708374511,
      1.0413666234542218,
      1.137736544391734,
      0.21343747458109422,
      0.7803133273813081,
      0.8055363982396377,
      0.21081851067789203,
      0.8666666666666663,
      0.3590109871422998,
      0.4055175020198816,
      0.6871842709362774,
      0.4384315479321973,
      1.150845100108805,
      0.13333333333333286,
      0.35901098714229934,
      0.6599663291074432,
      1.1392004993756701,
      1.4681810363696828,
      0.8027729719194862,
      0.6666666666666669,
      1.5549205052920803,
      0.7401201103724838,
      0.268741924943284,
      0.2748737083745106,
      1.0994948334980423,
      0.8027729719194862,
      0.3333333333333341,
      0.48074017006186553,
      0.1666666666666666,
      0.39015666369065444,
      0.5217491947499511,
      0.3349958540373636,
      0.2828427124746186,
      0.4666666666666668,
      0.21081851067789203,
      0.033333333333333215,
      0.30731814857642936,
      0.43333333333333357,
      1.6346933113652302,
      0.9428090415820627,
      0.33333333333333304,
      0.6146362971528591,
      0.14907119849998585,
      0.2748737083745106,
      0.09428090415820663,
      0.7211102550927972,
      0.2403700850309325,
      0.8027729719194873,
      0.4384315479321971,
      0.6009252125773309,
      0.5656854249492372
    ],
    "ev_player0": [
      0.4,
      2.4,
      4.233333333333333,
      4.066666666666666,
      4.233333333333333,
      4.2,
      4.6,
      4.233333333333333,
      4.766666666666667,
      5.333333333333333,
      5.0,
      5.4,
      5.133333333333334,
      4.933333333333334,
      6.0,
      5.933333333333334,
      4.8,
      5.666666666666667,
      5.266666666666667,
      4.933333333333334,
      5.133333333333334,
      5.066666666666666,
      5.6,
      5.133333333333334,
      6.1,
      4.866666666666666,
      5.866666666666666,
      5.3,
      4.566666666666666,
      4.866666666666666,
      5.066666666666666,
      4.9,
      5.066666666666666,
      5.666666666666667,
      5.4,
      4.933333333333334,
      5.166666666666667,
      6.6,
      5.533333333333333,
      4.6,
      4.6,
      4.9,
      5.133333333333334,
      5.666666666666667,
      4.566666666666666,
      5.0,
      5.133333333333334,
      5.8,
      5.933333333333334,
      5.666666666666667,
      5.4,
      4.6,
      5.566666666666666,
      5.4,
      4.666666666666667,
      5.4,
      5.2,
      6.066666666666666,
      5.733333333333333,
      5.333333333333333,
      5.966666666666667,
      6.4,
      5.266666666666667,
      5.266666666666667,
      5.4,
      4.933333333333334,
      6.0,
      4.533333333333333,
      5.333333333333333,
      5.866666666666666,
      4.533333333333333,
      4.966666666666667,
      4.933333333333334,
      5.2,
      6.266666666666667,
      5.466666666666667,
      5.266666666666667,
      5.533333333333333,
      5.633333333333334,
      5.266666666666667,
      5.5,
      5.466666666666667,
      5.266666666666667,
      5.733333333333333,
      5.533333333333333,
      5.566666666666666,
      5.266666666666667,
      5.7,
      4.133333333333334,
      5.066666666666666,
      4.733333333333333,
      5.333333333333333,
      5.4,
      5.666666666666667,
      5.6,
      5.2,
      5.333333333333333,
      5.933333333333334,
      5.5,
      5.0,
      5.4
    ],