

{
  "game_metadata": {
    "timestamp": "2025-11-17T15:32:25.396928",
    "game": "Deal or No Deal"
  },
  "algo_metadata": {
    "algo_name": "cfr",
    "algo_longname": "CFR (tabular)"
  },
  "game_parameters": {
    "max_turns": 2,
    "max_num_instances": 3,
    "discount": 1.0,
    "prob_end": 0.25
  },
  "timing": {
    "total_iterations": 1000,
    "wall_clock_seconds": 36.04821991920471,
    "seconds_per_iteration": 0.03604821991920471,
    "iterations_per_second": 27.740620819594184
  },
  "final_metrics": {
    "policy_delta": 0.1333333333333333,
    "ev_player0": 9.266666666666667,
    "ev_player1": 3.066666666666667,
    "social_welfare": 12.333333333333334,
    "cumulative_regret": 0.009698103391439554,
    "total_variance": 0.21374959389175205
  },
  "convergence_assessment": {
    "strategy_convergence": "MODERATE",
    "policy_stability": "STABLE"
  },
  "iteration_history": {
    "iterations": [
      0,
      10,
      20,
      30,
      40,
      50,
      60,
      70,
      80,
      90,
      100,
      110,
      120,
      130,
      140,
      150,
      160,
      170,
      180,
      190,
      200,
      210,
      220,
      230,
      240,
      250,
      260,
      270,
      280,
      290,
      300,
      310,
      320,
      330,
      340,
      350,
      360,
      370,
      380,
      390,
      400,
      410,
      420,
      430,
      440,
      450,
      460,
      470,
      480,
      490,
      500,
      510,
      520,
      530,
      540,
      550,
      560,
      570,
      580,
      590,
      600,
      610,
      620,
      630,
      640,
      650,
      660,
      670,
      680,
      690,
      700,
      710,
      720,
      730,
      740,
      750,
      760,
      770,
      780,
      790,
      800,
      810,
      820,
      830,
      840,
      850,
      860,
      870,
      880,
      890,
      900,
      910,
      920,
      930,
      940,
      950,
      960,
      970,
      980,
      990,
      999
    ],
    "policy_delta": [
      0.0,
      8.703000759635852,
      0.47726070210921206,
      0.7211102550927989,
      0.16666666666666785,
      0.4533823502911818,
      0.5374838498865698,
      0.26034165586355573,
      0.06666666666666643,
      0.14907119849998546,
      0.21343747458109447,
      0.6666666666666669,
      0.27487370837451147,
      0.4472135954999587,
      0.21081851067789203,
      0.2403700850309325,
      0.2027587510099408,
      0.4772607021092118,
      0.33333333333333304,
      0.5343739847293798,
      0.5497474167490216,
      0.5077182070575941,
      0.6839428176227729,
      0.6000000000000001,
      0.9386751893552485,
      0.8027729719194862,
      0.24267032964268478,
      0.3605551275463996,
      0.46785562825394006,
      0.35901098714230045,
      0.28480012484391815,
      0.16666666666666644,
      0.37267799624996545,
      0.21081851067789303,
      0.07453559924999392,
      0.48074017006186465,
      0.33333333333333287,
      0.6036923425424945,
      0.27487370837451147,
      0.31446603773521975,
      0.07453559924999313,
      0.3726779962499654,
      0.3605551275463981,
      0.1333333333333333,
      0.19999999999999973,
      0.4333333333333337,
      0.16666666666666644,
      0.20000000000000018,
      0.40000000000000036,
      0.094280904158206,
      0.2403700850309325,
      0.3073181485764291,
      0.1374368541872553,
      0.07453559924999273,
      0.09428090415820727,
      0.21081851067789303,
      0.4055175020198817,
      0.2981423969999727,
      0.06666666666666687,
      0.3333333333333339,
      0.14907119849998585,
      0.507718207057594,
      0.2748737083745106,
      0.09428090415820632,
      0.3771236166328259,
      0.3144660377352211,
      0.4013864859597435,
      0.22360679774997938,
      0.26034165586355607,
      0.6699917080747259,
      0.4268749491621903,
      0.4533823502911817,
      0.4013864859597431,
      0.28480012484391753,
      0.47140452079103173,
      0.8062257748298547,
      0.2981423969999717,
      0.2603416558635549,
      0.6798692684790382,
      0.608276253029822,
      0.48074017006186565,
      0.8825468196582487,
      0.5333333333333332,
      0.06666666666666643,
      0.33333333333333304,
      0.46666666666666634,
      0.2981423969999725,
      0.1666666666666675,
      0.46785562825393967,
      0.13333333333333286,
      0.3726779962499654,
      0.7310570733153772,
      0.6699917080747259,
      0.4772607021092118,
      0.2666666666666666,
      0.7520342781785655,
      0.34801021696368556,
      0.3333333333333335,
      0.49553562491061737,
      0.4123105625617663,
      0.1333333333333333
    ],
    "ev_player0": [
      0.3333333333333333,
      8.4,
      8.833333333333334,
      8.233333333333333,
      8.4,
      8.766666666666667,
      9.3,
      9.133333333333333,
      9.066666666666666,
      9.2,
      9.033333333333333,
      9.433333333333334,
      9.166666666666666,
      9.366666666666667,
      9.3,
      9.433333333333334,
      9.4,
      9.3,
      9.3,
      9.333333333333334,
      9.2,
      8.733333333333333,
      9.233333333333333,
      9.233333333333333,
      9.333333333333334,
      9.266666666666667,
      9.033333333333333,
      9.333333333333334,
      9.366666666666667,
      9.233333333333333,
      9.333333333333334,
      9.433333333333334,
      9.066666666666666,
      9.266666666666667,
      9.233333333333333,
      8.966666666666667,
      9.166666666666666,
      9.233333333333333,
      9.5,
      9.333333333333334,
      9.3,
      8.933333333333334,
      9.233333333333333,
      9.233333333333333,
      9.233333333333333,
      9.4,
      9.3,
      9.3,
      9.3,
      9.366666666666667,
      9.5,
      9.266666666666667,
      9.3,
      9.266666666666667,
      9.2,
      9.4,
      9.0,
      9.266666666666667,
      9.266666666666667,
      9.066666666666666,
      9.133333333333333,
      9.333333333333334,
      9.4,
      9.466666666666667,
      9.2,
      9.366666666666667,
      9.333333333333334,
      9.233333333333333,
      9.4,
      9.333333333333334,
      9.0,
      9.433333333333334,
      9.4,
      9.3,
      9.366666666666667,
      9.466666666666667,
      9.333333333333334,
      9.5,
      9.366666666666667,
      9.466666666666667,
      9.2,
      9.366666666666667,
      9.366666666666667,
      9.366666666666667,
      9.366666666666667,
      9.366666666666667,
      9.233333333333333,
      9.333333333333334,
      9.3,
      9.433333333333334,
      9.066666666666666,
      9.366666666666667,
      9.3,
      9.4,
      9.4,
      9.233333333333333,
      9.333333333333334,
      9.333333333333334,
      9.166666666666666,
      9.266666666666667,
      9.266666666666667
    ],