{
  "metadata": {
    "timestamp": "2025-11-16T23:37:33.700498",
    "algorithm": "CFR",
    "game": "Deal or No Deal"
  },
  "game_parameters": {
    "max_turns": 3,
    "max_num_instances": 5,
    "discount": 1.0,
    "prob_end": 0.0
  },
  "timing": {
    "total_iterations": 20,
    "wall_clock_seconds": 24.80575942993164,
    "seconds_per_iteration": 1.240287971496582,
    "iterations_per_second": 0.806264370034452
  },
  "final_metrics": {
    "policy_delta": 7.969176731493523,
    "ev_player0": 2.066666666666667,
    "ev_player1": 8.333333333333334,
    "social_welfare": 10.4,
    "cumulative_regret": 5.56169769950292,
    "total_variance": 0.0
  },
  "convergence_assessment": {
    "strategy_convergence": "WEAK",
    "policy_stability": "STABLE"
  },
  "iteration_history": {
    "iterations": [
      0,
      19
    ],
    "policy_delta": [
      0.0,
      7.969176731493523
    ],
    "ev_player0": [
      0.43333333333333335,
      2.066666666666667
    ],
    "ev_player1": [
      0.5333333333333333,
      8.333333333333334
    ],
    "social_welfare": [
      0.9666666666666667,
      10.4
    ],
    "variance_p0": [
      0.0,
      0.0
    ],
    "variance_p1": [
      0.0,
      0.0
    ],
    "cumulative_regret": [
      98.78377402371105,
      5.56169769950292
    ]
  }
}