{
  "metadata": {
    "timestamp": "2025-11-17T04:17:46.574734",
    "algorithm": "efr",
    "game": "Deal or No Deal"
  },
  "game_parameters": {
    "max_turns": 2,
    "max_num_instances": 3,
    "discount": 1.0,
    "prob_end": 0.25
  },
  "timing": {
    "total_iterations": 1000,
    "wall_clock_seconds": 834.8934869766235,
    "seconds_per_iteration": 0.8348934869766236,
    "iterations_per_second": 1.1977575769829898
  },
  "final_metrics": {
    "policy_delta": 0.14907119849998565,
    "ev_player0": 9.3,
    "ev_player1": 3.933333333333333,
    "social_welfare": 13.233333333333334,
    "cumulative_regret": 0.00669814648946738,
    "total_variance": 0.2839405258539581
  },
  "convergence_assessment": {
    "strategy_convergence": "MODERATE",
    "policy_stability": "STABLE"
  },
  "iteration_history": {
    "iterations": [
      0,
      10,
      20,
      30,
      40,
      50,
      60,
      70,
      80,
      90,
      100,
      110,
      120,
      130,
      140,
      150,
      160,
      170,
      180,
      190,
      200,
      210,
      220,
      230,
      240,
      250,
      260,
      270,
      280,
      290,
      300,
      310,
      320,
      330,
      340,
      350,
      360,
      370,
      380,
      390,
      400,
      410,
      420,
      430,
      440,
      450,
      460,
      470,
      480,
      490,
      500,
      510,
      520,
      530,
      540,
      550,
      560,
      570,
      580,
      590,
      600,
      610,
      620,
      630,
      640,
      650,
      660,
      670,
      680,
      690,
      700,
      710,
      720,
      730,
      740,
      750,
      760,
      770,
      780,
      790,
      800,
      810,
      820,
      830,
      840,
      850,
      860,
      870,
      880,
      890,
      900,
      910,
      920,
      930,
      940,
      950,
      960,
      970,
      980,
      990,
      999
    ],
    "policy_delta": [
      0.0,
      7.7843147132907955,
      1.1742609969205693,
      0.7363574011458165,
      0.6871842709362763,
      0.8359957469322974,
      0.42163702135578424,
      0.5343739847293802,
      0.21081851067789287,
      0.06666666666666643,
      1.013793755049704,
      0.5000000000000003,
      0.24037008503093216,
      0.2687419249432858,
      0.8825468196582487,
      0.4123105625617659,
      0.7333333333333338,
      0.5587684871413404,
      0.2981423969999721,
      0.2108185106778922,
      0.28284271247461834,
      0.1374368541872553,
      0.30731814857643025,
      0.2748737083745106,
      0.28480012484391753,
      0.12018504251546588,
      0.20000000000000018,
      0.033333333333333215,
      0.42163702135578424,
      0.3333333333333341,
      0.3349958540373633,
      0.10000000000000142,
      0.2027587510099408,
      0.5206833117271107,
      0.3726779962499654,
      0.33993463423951864,
      0.46785562825393967,
      0.22360679774997896,
      0.033333333333333215,
      0.33499585403736315,
      0.20275875100994126,
      0.09428090415820663,
      0.14907119849998585,
      0.19999999999999973,
      0.6674994798166932,
      0.14907119849998626,
      0.3726779962499648,
      0.14907119849998665,
      0.09428090415820727,
      0.7601169500660919,
      0.13333333333333375,
      0.463081466314993,
      0.3282952600598708,
      0.5821416398857656,
      0.5077182070575944,
      0.2403700850309325,
      0.14907119849998585,
      0.2981423969999721,
      0.6565905201197407,
      0.42163702135578424,
      0.3771236166328259,
      0.4068851871911241,
      0.3399346342395191,
      0.3399346342395191,
      0.07453559924999273,
      0.3726779962499648,
      0.09999999999999964,
      0.16666666666666607,
      0.7923242882669808,
      0.09999999999999964,
      0.4216370213557837,
      0.7601169500660919,
      0.26034165586355523,
      0.5962847939999446,
      0.8975274678557509,
      0.47140452079103173,
      0.7601169500660919,
      0.9433981132056606,
      0.8353309390761118,
      1.2292725943057186,
      0.40138648595974236,
      0.22360679774997896,
      0.8692269873603533,
      0.9171210994798406,
      0.463081466314993,
      0.3887301263230202,
      0.3590109871423013,
      0.5587684871413401,
      0.2027587510099408,
      0.6146362971528592,
      0.4772607021092119,
      0.5547772325697742,
      0.8171767114754176,
      0.09428090415820663,
      0.26034165586355523,
      0.033333333333333215,
      0.5587684871413404,
      0.8110350040397628,
      0.608276253029822,
      0.2666666666666666,
      0.14907119849998565
    ],
    "ev_player0": [
      0.36666666666666664,
      7.233333333333333,
      8.4,
      9.133333333333333,
      8.5,
      9.333333333333334,
      9.2,
      9.166666666666666,
      9.366666666666667,
      9.366666666666667,
      8.666666666666666,
      8.966666666666667,
      9.1,
      9.333333333333334,
      9.166666666666666,
      9.266666666666667,
      9.266666666666667,
      9.433333333333334,
      9.3,
      9.233333333333333,
      9.033333333333333,
      9.0,
      9.3,
      9.366666666666667,
      9.266666666666667,
      9.366666666666667,
      9.366666666666667,
      9.4,
      9.0,
      9.266666666666667,
      9.233333333333333,
      9.333333333333334,
      9.366666666666667,
      8.966666666666667,
      9.333333333333334,
      9.266666666666667,
      9.3,
      9.4,
      9.366666666666667,
      9.333333333333334,
      9.366666666666667,
      9.3,
      9.366666666666667,
      9.366666666666667,
      9.4,
      9.466666666666667,
      9.3,
      9.233333333333333,
      9.3,
      9.5,
      9.5,
      9.266666666666667,
      8.966666666666667,
      9.2,
      9.4,
      9.266666666666667,
      9.333333333333334,
      9.466666666666667,
      9.2,
      9.333333333333334,
      9.066666666666666,
      9.3,
      9.366666666666667,
      9.3,
      9.266666666666667,
      9.433333333333334,
      9.333333333333334,
      9.433333333333334,
      9.133333333333333,
      9.233333333333333,
      9.1,
      9.3,
      9.466666666666667,
      9.2,
      9.433333333333334,
      9.366666666666667,
      9.566666666666666,
      9.066666666666666,
      9.466666666666667,
      9.2,
      8.9,
      9.0,
      9.466666666666667,
      9.166666666666666,
      8.933333333333334,
      9.133333333333333,
      9.266666666666667,
      9.433333333333334,
      9.466666666666667,
      9.333333333333334,
      8.9,
      9.2,
      9.366666666666667,
      9.433333333333334,
      9.266666666666667,
      9.3,
      9.466666666666667,
      9.333333333333334,
      9.433333333333334,
      9.433333333333334,
      9.3
    ],