{
  "game_metadata": {
    "timestamp": "2025-11-18T02:56:00.498517",
    "game": "Deal or No Deal"
  },
  "algo_metadata": {
    "algo_name": "mccfr",
    "algo_longname": "MCCFR"
  },
  "game_parameters": {
    "max_turns": 10,
    "max_num_instances": 10,
    "discount": 1.0,
    "prob_end": 0.1
  },
  "timing": {
    "total_iterations": 10000,
    "wall_clock_seconds": 11.416467905044556,
    "seconds_per_iteration": 0.0011416467905044556,
    "iterations_per_second": 875.9276584644305
  },
  "final_metrics": {
    "policy_delta": 0.7180219742846008,
    "ev_player0": 5.033333333333333,
    "ev_player1": 4.7,
    "social_welfare": 9.733333333333334,
    "cumulative_regret": 853220.312248102,
    "total_variance": 0.5267088590694314
  },
  "convergence_assessment": {
    "strategy_convergence": "WEAK",
    "policy_stability": "MODERATE"
  },
  "iteration_history": {
    "iterations": [
      0,
      100,
      200,
      300,
      400,
      500,
      600,
      700,
      800,
      900,
      1000,
      1100,
      1200,
      1300,
      1400,
      1500,
      1600,
      1700,
      1800,
      1900,
      2000,
      2100,
      2200,
      2300,
      2400,
      2500,
      2600,
      2700,
      2800,
      2900,
      3000,
      3100,
      3200,
      3300,
      3400,
      3500,
      3600,
      3700,
      3800,
      3900,
      4000,
      4100,
      4200,
      4300,
      4400,
      4500,
      4600,
      4700,
      4800,
      4900,
      5000,
      5100,
      5200,
      5300,
      5400,
      5500,
      5600,
      5700,
      5800,
      5900,
      6000,
      6100,
      6200,
      6300,
      6400,
      6500,
      6600,
      6700,
      6800,
      6900,
      7000,
      7100,
      7200,
      7300,
      7400,
      7500,
      7600,
      7700,
      7800,
      7900,
      8000,
      8100,
      8200,
      8300,
      8400,
      8500,
      8600,
      8700,
      8800,
      8900,
      9000,
      9100,
      9200,
      9300,
      9400,
      9500,
      9600,
      9700,
      9800,
      9900,
      9999
    ],
    "policy_delta": [
      0.0,
      2.212339134139349,
      0.44845413490245706,
      0.8517954892787092,
      1.1125546178852426,
      1.1628509028341607,
      1.3864422895390283,
      1.149395976637778,
      0.8724168218868265,
      1.5293426329272615,
      2.6136394378550207,
      1.3992061241210236,
      0.6666666666666665,
      1.4806154876341875,
      0.9718253158075503,
      1.4240006242195884,
      0.21081851067789162,
      1.207384685084989,
      1.2823589374447564,
      1.6401219466856727,
      0.40138648595974313,
      0.5547772325697746,
      1.0609220308559701,
      0.28674417556808773,
      0.8027729719194866,
      1.5466810344160242,
      1.9980546094194278,
      1.4015864027752425,
      1.2337837015547832,
      0.5587684871413406,
      0.731057073315377,
      0.6749485577105528,
      0.7490735018081413,
      1.3703203194062978,
      1.275843947266976,
      2.2866763848189997,
      0.8055363982396377,
      2.368778400591982,
      1.4940623220676643,
      0.8027729719194867,
      0.6871842709362768,
      1.4063348739819324,
      0.7310570733153767,
      0.6009252125773317,
      1.3186693629901654,
      1.1095544651395488,
      1.1661903789690604,
      2.4067036008246263,
      0.23570226039551637,
      1.5216949614017774,
      1.6346933113652302,
      2.2042887489820586,
      2.024845673131659,
      1.5040685563571305,
      0.5044248650140519,
      0.4772607021092119,
      1.0466878978738385,
      0.6411794687223782,
      0.9339283817414598,
      0.7340905181848415,
      1.9888578520235065,
      0.5333333333333332,
      1.0413666234542207,
      1.7866791044343195,
      1.0295630140987002,
      2.181997046540419,
      1.343709624716425,
      1.1571036638473187,
      0.657436097443867,
      0.14907119849998626,
      0.6599663291074445,
      2.5342103744997617,
      0.35433819375782166,
      0.9706813185707356,
      1.1401754250991376,
      0.9339283817414599,
      1.4379769740081993,
      2.0488479147505747,
      1.9692073983655907,
      1.5506271132817349,
      1.4395215254459461,
      0.2333333333333334,
      0.23570226039551587,
      0.6548960901462838,
      0.53748384988657,
      0.7902179727419798,
      0.43843154793219663,
      0.47726070210921145,
      0.880656320908194,
      0.6871842709362762,
      1.5733898294941253,
      0.9735387911006815,
      0.7125852775477317,
      0.4123105625617663,
      0.9297550453987563,
      0.3590109871423008,
      1.200462873691274,
      0.35433819375782166,
      0.16666666666666644,
      0.5374838498865695,
      0.7180219742846008
    ],
    "ev_player0": [
      0.8666666666666667,
      2.0,
      2.3,
      1.8666666666666667,
      2.966666666666667,
      1.9333333333333333,
      2.1666666666666665,
      1.6,
      1.7,
      3.1666666666666665,
      0.5666666666666667,
      1.9333333333333333,
      1.9333333333333333,
      2.7,
      1.8,
      3.1666666666666665,
      3.1,
      1.9,
      1.3,
      2.6,
      3.0,
      2.7,
      1.9666666666666666,
      2.2,
      1.6,
      2.8333333333333335,
      1.9,
      3.3,
      2.533333333333333,
      3.066666666666667,
      2.566666666666667,
      2.2,
      1.5666666666666667,
      2.8666666666666667,
      2.433333333333333,
      3.6,
      4.333333333333333,
      2.8333333333333335,
      4.0,
      3.933333333333333,
      3.6666666666666665,
      2.2666666666666666,
      2.933333333333333,
      2.966666666666667,
      3.433333333333333,
      2.8333333333333335,
      2.2333333333333334,
      3.466666666666667,
      3.433333333333333,
      2.7,
      3.2666666666666666,
      2.5,
      3.6,
      3.2666666666666666,
      2.7666666666666666,
      2.6666666666666665,
      2.5,
      2.6,
      2.566666666666667,
      2.533333333333333,
      4.466666666666667,
      4.466666666666667,
      3.8,
      3.3666666666666667,
      2.8666666666666667,
      4.933333333333334,
      3.7666666666666666,
      4.0,
      4.333333333333333,
      4.466666666666667,
      4.933333333333334,
      2.8666666666666667,
      3.1333333333333333,
      4.066666666666666,
      2.966666666666667,
      3.5,
      4.533333333333333,
      2.6333333333333333,
      3.7333333333333334,
      5.133333333333334,
      4.066666666666666,
      4.3,
      4.266666666666667,
      4.1,
      4.566666666666666,
      3.8666666666666667,
      4.3,
      3.8666666666666667,
      4.3,
      4.833333333333333,
      3.566666666666667,
      4.333333333333333,
      4.2,
      3.8,
      3.566666666666667,
      3.7,
      3.7333333333333334,
      3.966666666666667,
      3.8333333333333335,
      4.366666666666666,
      5.033333333333333
    ],